video_second_approx,region_user,X_uT,Y_uT,Z_uT,total_uT,outward_normal_total_uT_if_screen_up,horizontal_magnitude_uT
0,below,25.92,-24.36,-31.32,47.39,31.32,35.57
1,below,21.48,-25.68,-31.86,46.22,31.86,33.479
2,below,20.46,-23.88,-38.88,50.01,38.88,31.446
3,below,25.56,-19.92,-43.98,54.63,43.98,32.406
4,below,28.98,-24.18,-36.78,52.7,36.78,37.743
5,below,3.0,21.18,-17.28,27.5,17.28,21.391
6,side,5.28,4.32,-19.74,20.89,,6.822
7,side,4.86,2.94,-17.04,17.96,,5.68
8,side,4.5,3.96,-15.66,16.77,,5.994
9,side,5.1,4.26,-13.8,15.32,,6.645
10,side,5.34,2.4,-19.56,,,5.855
11,side,5.94,0.36,-25.14,25.83,,5.951
12,side,3.6,3.0,-19.62,20.17,,4.686
13,side,6.6,-0.66,-7.68,10.15,,6.633
14,side,7.14,2.88,-30.6,31.55,,7.699
15,side,7.02,1.38,-16.5,17.98,,7.154
16,side,0.0,-2.82,-14.4,14.67,,2.82
17,side,-9.54,5.46,0.66,11.01,,10.992
18,above,1.74,20.88,-0.36,20.96,-0.36,20.952
19,above,9.54,10.14,-6.12,15.21,-6.12,13.922
20,above,8.88,6.06,-13.38,17.16,-13.38,10.751
21,above,9.9,0.12,-16.26,19.04,-16.26,9.901
22,above,8.22,-0.72,-15.48,17.54,-15.48,8.251
23,above,6.24,-2.1,-16.08,17.38,-16.08,6.584
24,above,-1.38,1.14,-16.2,16.3,-16.2,1.79
25,above,-3.54,6.72,-12.78,14.87,-12.78,7.595
26,above,9.54,7.74,-5.58,13.49,-5.58,12.285
27,above,6.12,3.96,-13.74,15.55,-13.74,7.289
28,above,-4.74,-2.58,-14.46,15.43,-14.46,5.397
